{
  "timestamp": "2026-05-29T19:33:50.792059",
  "composite": 74.2,
  "regime_label": "BULL \u2014 confidence supported",
  "delta_1w": null,
  "sub_scores": {
    "mvrv_z": 85.0,
    "nupl": 65.0,
    "lth_trend": 50.0,
    "sopr": 80.0,
    "m2_trend": 75.0,
    "netliq_trend": 100.0,
    "dxy_trend": 40.0,
    "hy_oas": 90.0,
    "real_yield": 30.0,
    "mnav": 100.0,
    "mstr_btc_trend": 15.0,
    "funding": 80.0,
    "ssr": 75.0
  },
  "raw_values": {
    "mvrv_z": 0.6893,
    "nupl": 0.2707,
    "lth_trend": -0.8055725436910238,
    "sopr": 0.9957857142857144,
    "m2_trend": 1.6728119022885277,
    "netliq_trend": 2.7103826054164983,
    "dxy_trend": 0.12345845813194097,
    "hy_oas": 2.72,
    "real_yield": 2.06,
    "mnav": 0.8521932749319547,
    "mstr_btc_trend": 19.39219867207848,
    "funding": 3.7334865405054,
    "ssr": 5.472436322081623
  },
  "missing": [],
  "weights_used": {
    "mvrv_z": 0.15,
    "nupl": 0.1,
    "lth_trend": 0.05,
    "sopr": 0.05,
    "m2_trend": 0.15,
    "netliq_trend": 0.1,
    "dxy_trend": 0.05,
    "hy_oas": 0.1,
    "real_yield": 0.05,
    "mnav": 0.1,
    "mstr_btc_trend": 0.05,
    "funding": 0.03,
    "ssr": 0.02
  },
  "synthesis": [
    "Cycle phase: ACCUMULATION \u00b7 Macro liquidity: expanding \u00b7 Risk regime: HY 2.72%",
    "Strongest signals: MVRV Z(85), M2 TREND(75), NETLIQ TREND(100)",
    "Weakest signals: MSTR BTC TREND(15), REAL YIELD(30), SSR(75)"
  ],
  "snapshot": {
    "btc_price": 73339.92442141757,
    "mstr_price": 159.08999633789062,
    "mnav": 0.8521932749319547,
    "mstr_btc_holdings": 843738.0,
    "mstr_btc_holdings_stale": false,
    "mstr_iv_atm": 0.6774934594726563
  }
}